"","model","GFP1","GFP2","SE1","SE2","mut1","mut2","time","mut_name","Obs_type","Obs","Obs_SE","Exp_type","Exp","marker","WT_SE","Exp_SE","nt_dis","nt_type","a_type","Obs_byXLi","Obs_SE_byXLi","mut_type","feat","interact","interact_SE"
"1","A",0.927930554708331,0.927930554708331,0.0403901377066474,0.0403901377066474,"A67C","WT",2,"A67C,WT_HetA","Between",0.927930554708331,0.0403901377066474,"add",NA,"BA56",0.0450585697068099,NA,NA,">20nt",">12a",0.960489243735824,0.0306479539250282,"Single","same",NA,NA
"2","A",0.990801700565196,0.990801700565196,0.0979525208719889,0.0979525208719889,"A99C","WT",3,"A99C,WT_HetA","Between",0.990801700565196,0.0979525208719889,"add",NA,"BA58",0.0876695917505277,NA,NA,">20nt",">12a",0.724645699123697,0.0403553265126124,"Single","same",NA,NA
"3","A",1.08326586444283,1.08326586444283,0.177333787174273,0.177333787174273,"A159C","WT",1,"A159C,WT_HetA","Between",1.08326586444283,0.177333787174273,"add",NA,"BA60",0.105363104700744,NA,NA,">20nt",">12a",0.977629266207154,0.0301118551449243,"Single","same",NA,NA
"4","A",0.91224030002221,0.91224030002221,0.111000170166646,0.111000170166646,"C165G","WT",2,"C165G,WT_HetA","Between",0.91224030002221,0.111000170166646,"add",NA,"BA61",0.0450585697068099,NA,NA,">20nt",">12a",0.995290363623957,0.0304668071612658,"Single","same",NA,NA
"5","A",1.1290065337311,1.1290065337311,0.162650200527014,0.162650200527014,"G166A","WT",1,"G166A,WT_HetA","Between",1.1290065337311,0.162650200527014,"add",NA,"BA62",0.105363104700744,NA,NA,">20nt",">12a",0.98436232720135,0.0845188939463613,"Single","same",NA,NA
"6","A",0.783874180083782,0.783874180083782,0.0917480539213053,0.0917480539213053,"G169A","WT",1,"G169A,WT_HetA","Between",0.783874180083782,0.0917480539213053,"add",NA,"BA63",0.105363104700744,NA,NA,">20nt",">12a",0.926015898455693,0.0899152916352867,"Single","same",NA,NA
"7","A",1.36848520305027,1.36848520305027,0.0925180178765997,0.0925180178765997,"A174T","WT",3,"A174T,WT_HetA","Between",1.36848520305027,0.0925180178765997,"add",NA,"BA64",0.0876695917505277,NA,NA,">20nt",">12a",1.01156305080966,0.0309107717804003,"Single","same",NA,NA
"8","A",0.594788015003038,0.594788015003038,0.159180721144718,0.159180721144718,"T177A","WT",4,"T177A,WT_HetA","Between",0.594788015003038,0.159180721144718,"add",NA,"BA65",0.188295482724006,NA,NA,">20nt",">12a",0.630104773648931,0.0801108148122318,"Single","same",NA,NA
"9","A",0.927930554708331,0.990801700565196,0.0403901377066474,0.0979525208719889,"A67C","A99C",3,"A67C,A99C_BA","Between",1.17114779508819,0.0772417954063739,"add",0.918732255273527,"BA02",0.0876695917505277,0.137520968898723,32,">20nt",">12a",NA,NA,"Double","same",0.25241553981466,0.157728601859154
"10","A",0.927930554708331,1.08326586444283,0.0403901377066474,0.177333787174273,"A67C","A159C",2,"A67C,A159C_BA","Between",0.938252667299851,0.189089932330918,"add",1.01119641915116,"BA04",0.0450585697068099,0.187373717478081,92,">20nt",">12a",NA,NA,"Double","same",-0.0729437518513082,0.266202765782903
"11","A",0.990801700565196,1.08326586444283,0.0979525208719889,0.177333787174273,"A99C","A159C",3,"A99C,A159C_BA","Between",1.06293456636327,0.0846590634472849,"add",1.07406756500802,"BA19",0.0876695917505277,0.220744027634843,60,">20nt",">12a",NA,NA,"Double","same",-0.011132998644755,0.236421409267908
"12","A",0.927930554708331,0.91224030002221,0.0403901377066474,0.111000170166646,"A67C","C165G",2,"A67C,C165G_BA","Between",0.966001791412428,0.155295407944781,"add",0.840170854730541,"BA05",0.0450585697068099,0.126422607570837,98,">20nt",">12a",NA,NA,"Double","same",0.125830936681887,0.200248194582987
"13","A",0.990801700565196,0.91224030002221,0.0979525208719889,0.111000170166646,"A99C","C165G",3,"A99C,C165G_BA","Between",1.07817929056462,0.0795691740594162,"add",0.903042000587406,"BA20",0.0876695917505277,0.172051420918009,66,">20nt",">12a",NA,NA,"Double","same",0.175137289977213,0.189559871545651
"15","A",0.927930554708331,1.1290065337311,0.0403901377066474,0.162650200527014,"A67C","G166A",2,"A67C,G166A_BA","Between",0.915792149459063,0.0595817732238791,"add",1.05693708843943,"BA06",0.0450585697068099,0.173541711583882,99,">20nt",">12a",NA,NA,"Double","same",-0.141144938980368,0.183484913167173
"16","A",0.990801700565196,1.1290065337311,0.0979525208719889,0.162650200527014,"A99C","G166A",3,"A99C,G166A_BA","Between",0.989277565394273,0.121043324805911,"add",1.1198082342963,"BA21",0.0876695917505277,0.209130919269149,67,">20nt",">12a",NA,NA,"Double","differ",-0.130530668902023,0.24163449231107
"19","A",0.927930554708331,0.783874180083782,0.0403901377066474,0.0917480539213053,"A67C","G169A",2,"A67C,G169A_BA","Between",0.597331752725741,0.566618822921744,"add",0.711804734792113,"BA07",0.0450585697068099,0.109906065921459,102,">20nt",">12a",NA,NA,"Double","same",-0.114472982066372,0.577179550760034
"20","A",0.990801700565196,0.783874180083782,0.0979525208719889,0.0917480539213053,"A99C","G169A",3,"A99C,G169A_BA","Between",1.41294673321557,0.132552766294464,"add",0.774675880648978,"BA22",0.0876695917505277,0.160307077389703,70,">20nt",">12a",NA,NA,"Double","same",0.638270852566597,0.208011045171989
"24","A",0.927930554708331,1.36848520305027,0.0403901377066474,0.0925180178765997,"A67C","A174T",3,"A67C,A174T_BA","Between",1.30161535485667,0.0833706356460796,"add",1.2964157577586,"BA08",0.0876695917505277,0.133704540586627,107,">20nt",">12a",NA,NA,"Double","same",0.00519959709807827,0.157567658678779
"25","A",0.990801700565196,1.36848520305027,0.0979525208719889,0.0925180178765997,"A99C","A174T",3,"A99C,A174T_BA","Between",1.37458373193416,0.102261779483849,"add",1.35928690361546,"BA23",0.0876695917505277,0.160748988471767,75,">20nt",">12a",NA,NA,"Double","differ",0.0152968283186989,0.190519575996536
"30","A",0.927930554708331,0.594788015003038,0.0403901377066474,0.159180721144718,"A67C","T177A",2,"A67C,T177A_BA","Between",0.883797098363138,0.0444876456163703,"add",0.522718569711369,"BA09",0.0450585697068099,0.17029427445495,110,">20nt",">12a",NA,NA,"Double","same",0.361078528651769,0.176009347833078
"31","A",0.990801700565196,0.594788015003038,0.0979525208719889,0.159180721144718,"A99C","T177A",4,"A99C,T177A_BA","Between",0.538742182785604,0.159380753863095,"add",0.585589715568234,"BA24",0.188295482724006,0.265308098526216,78,">20nt",">12a",NA,NA,"Double","differ",-0.04684753278263,0.309500584564173
"37","A",0.927930554708331,0.990801700565196,0.0403901377066474,0.0979525208719889,"A67C","A99C",4,"A67C,A99C_WA","Within",0.607032548328289,0.164070089041684,"add",0.918732255273527,"WA02",0.188295482724006,0.216058437427021,32,">20nt",">12a",NA,NA,"Double","same",-0.311699706945238,0.271293646260932
"38","A",0.927930554708331,1.08326586444283,0.0403901377066474,0.177333787174273,"A67C","A159C",3,"A67C,A159C_WA","Within",1.02388189559894,0.14740778652537,"add",1.01119641915116,"WA04",0.0876695917505277,0.201902433405932,92,">20nt",">12a",NA,NA,"Double","same",0.0126854764477853,0.249987295964306
"39","A",0.990801700565196,1.08326586444283,0.0979525208719889,0.177333787174273,"A99C","A159C",4,"A99C,A159C_WA","Within",0.627156358781989,0.159257091998999,"add",1.07406756500802,"WA19",0.188295482724006,0.27658119464818,60,">20nt",">12a",NA,NA,"Double","same",-0.446911206226035,0.31915510114205
"40","A",0.927930554708331,0.91224030002221,0.0403901377066474,0.111000170166646,"A67C","C165G",4,"A67C,C165G_WA","Within",0.582073912937709,0.159756425344855,"add",0.840170854730541,"WA05",0.188295482724006,0.222278181149776,98,">20nt",">12a",NA,NA,"Double","same",-0.258096941792832,0.273732908606581
"41","A",0.990801700565196,0.91224030002221,0.0979525208719889,0.111000170166646,"A99C","C165G",4,"A99C,C165G_WA","Within",0.569283725356141,0.161781262664917,"add",0.903042000587406,"WA20",0.188295482724006,0.239522280668142,66,">20nt",">12a",NA,NA,"Double","same",-0.333758275231265,0.28903996243759
"43","A",0.927930554708331,1.1290065337311,0.0403901377066474,0.162650200527014,"A67C","G166A",4,"A67C,G166A_WA","Within",0.720026629871518,0.164417304212409,"add",1.05693708843943,"WA06",0.188295482724006,0.252074671019732,99,">20nt",">12a",NA,NA,"Double","same",-0.336910458567913,0.300956291999656
"47","A",0.927930554708331,0.783874180083782,0.0403901377066474,0.0917480539213053,"A67C","G169A",4,"A67C,G169A_WA","Within",0.67213105175896,0.165371353478797,"add",0.711804734792113,"WA07",0.188295482724006,0.213317269428837,102,">20nt",">12a",0.719803596720203,0.119318943786541,"Double","same",-0.0396736830331533,0.269910989009311
"48","A",0.990801700565196,0.783874180083782,0.0979525208719889,0.0917480539213053,"A99C","G169A",4,"A99C,G169A_WA","Within",0.562781508357201,0.159782780726293,"add",0.774675880648978,"WA22",0.188295482724006,0.231230600392315,70,">20nt",">12a",0.65706619017718,0.0778587747855547,"Double","same",-0.211894372291776,0.281066055535736
"52","A",0.927930554708331,1.36848520305027,0.0403901377066474,0.0925180178765997,"A67C","A174T",3,"A67C,A174T_WA","Within",0.848280977109785,0.105425968602177,"add",1.2964157577586,"WA08",0.0876695917505277,0.133704540586627,107,">20nt",">12a",NA,NA,"Double","same",-0.448134780648811,0.170269019581333
"58","A",0.927930554708331,0.594788015003038,0.0403901377066474,0.159180721144718,"A67C","T177A",3,"A67C,T177A_WA","Within",0.645498175423646,0.138966259720281,"add",0.522718569711369,"WA09",0.0876695917505277,0.186160743782943,110,">20nt",">12a",NA,NA,"Double","same",0.122779605712277,0.232308940565065
"65","A",0.927930554708331,0.990801700565196,0.0403901377066474,0.0979525208719889,"A67C","A99C",3,"A67C,A99C_BA","Between",1.17114779508819,0.0772417954063739,"log_add",0.91939517161142,"BA02",0.0876695917505277,0.108019818801003,32,">20nt",">12a",NA,NA,"Double","same",0.251752623476767,0.132795241674548
"66","A",0.927930554708331,1.08326586444283,0.0403901377066474,0.177333787174273,"A67C","A159C",2,"A67C,A159C_BA","Between",0.938252667299851,0.189089932330918,"log_add",1.00519549448903,"BA04",0.0450585697068099,0.169390838470836,92,">20nt",">12a",NA,NA,"Double","same",-0.0669428271891822,0.253866615896545
"67","A",0.990801700565196,1.08326586444283,0.0979525208719889,0.177333787174273,"A99C","A159C",3,"A99C,A159C_BA","Between",1.06293456636327,0.0846590634472849,"log_add",1.07330166065418,"BA19",0.0876695917505277,0.191238903874926,60,">20nt",">12a",NA,NA,"Double","same",-0.010367094290912,0.209139846464165
"68","A",0.927930554708331,0.91224030002221,0.0403901377066474,0.111000170166646,"A67C","C165G",2,"A67C,C165G_BA","Between",0.966001791412428,0.155295407944781,"log_add",0.846495647626904,"BA05",0.0450585697068099,0.129229655742676,98,">20nt",">12a",NA,NA,"Double","same",0.119506143785525,0.202032095598958
"69","A",0.990801700565196,0.91224030002221,0.0979525208719889,0.111000170166646,"A99C","C165G",3,"A99C,C165G_BA","Between",1.07817929056462,0.0795691740594162,"log_add",0.90384924058611,"BA20",0.0876695917505277,0.156778079210076,66,">20nt",">12a",NA,NA,"Double","same",0.174330049978509,0.175814162061247
"71","A",0.927930554708331,1.1290065337311,0.0403901377066474,0.162650200527014,"A67C","G166A",2,"A67C,G166A_BA","Between",0.915792149459063,0.0595817732238791,"log_add",1.04763965911443,"BA06",0.0450585697068099,0.150496849334775,99,">20nt",">12a",NA,NA,"Double","same",-0.131847509655366,0.161861945373815
"72","A",0.990801700565196,1.1290065337311,0.0979525208719889,0.162650200527014,"A99C","G166A",3,"A99C,G166A_BA","Between",0.989277565394273,0.121043324805911,"log_add",1.11862159356999,"BA21",0.0876695917505277,0.174723678581709,67,">20nt",">12a",NA,NA,"Double","differ",-0.129344028175718,0.212555522951518
"75","A",0.927930554708331,0.783874180083782,0.0403901377066474,0.0917480539213053,"A67C","G169A",2,"A67C,G169A_BA","Between",0.597331752725741,0.566618822921744,"log_add",0.727380802746682,"BA07",0.0450585697068099,0.124875907968088,102,">20nt",">12a",NA,NA,"Double","same",-0.130049050020941,0.580216238035508
"76","A",0.990801700565196,0.783874180083782,0.0979525208719889,0.0917480539213053,"A99C","G169A",3,"A99C,G169A_BA","Between",1.41294673321557,0.132552766294464,"log_add",0.77666387065616,"BA22",0.0876695917505277,0.153209185717712,70,">20nt",">12a",NA,NA,"Double","same",0.636282862559415,0.202591437234152
"80","A",0.927930554708331,1.36848520305027,0.0403901377066474,0.0925180178765997,"A67C","A174T",3,"A67C,A174T_BA","Between",1.30161535485667,0.0833706356460796,"log_add",1.26985923357658,"BA08",0.0876695917505277,0.0804064751142428,107,">20nt",">12a",NA,NA,"Double","same",0.0317561212800987,0.115826871356904
"81","A",0.990801700565196,1.36848520305027,0.0979525208719889,0.0925180178765997,"A99C","A174T",3,"A99C,A174T_BA","Between",1.37458373193416,0.102261779483849,"log_add",1.35589746638051,"BA23",0.0876695917505277,0.119767539165366,75,">20nt",">12a",NA,NA,"Double","differ",0.0186862655536499,0.15748566595386
"86","A",0.927930554708331,0.594788015003038,0.0403901377066474,0.159180721144718,"A67C","T177A",2,"A67C,T177A_BA","Between",0.883797098363138,0.0444876456163703,"log_add",0.551921972695636,"BA09",0.0450585697068099,0.271142528687596,110,">20nt",">12a",NA,NA,"Double","same",0.331875125667502,0.274767941135045
"87","A",0.990801700565196,0.594788015003038,0.0979525208719889,0.159180721144718,"A99C","T177A",4,"A99C,T177A_BA","Between",0.538742182785604,0.159380753863095,"log_add",0.589316976740808,"BA24",0.188295482724006,0.285302178506464,78,">20nt",">12a",NA,NA,"Double","differ",-0.0505747939552034,0.326802016154281
"93","A",0.927930554708331,0.990801700565196,0.0403901377066474,0.0979525208719889,"A67C","A99C",4,"A67C,A99C_WA","Within",0.607032548328289,0.164070089041684,"log_add",0.91939517161142,"WA02",0.188295482724006,0.108019818801003,32,">20nt",">12a",NA,NA,"Double","same",-0.312362623283131,0.196436441048873
"94","A",0.927930554708331,1.08326586444283,0.0403901377066474,0.177333787174273,"A67C","A159C",3,"A67C,A159C_WA","Within",1.02388189559894,0.14740778652537,"log_add",1.00519549448903,"WA04",0.0876695917505277,0.169390838470836,92,">20nt",">12a",NA,NA,"Double","same",0.0186864011099113,0.224549129782687
"95","A",0.990801700565196,1.08326586444283,0.0979525208719889,0.177333787174273,"A99C","A159C",4,"A99C,A159C_WA","Within",0.627156358781989,0.159257091998999,"log_add",1.07330166065418,"WA19",0.188295482724006,0.191238903874926,60,">20nt",">12a",NA,NA,"Double","same",-0.446145301872192,0.248867715277134
"96","A",0.927930554708331,0.91224030002221,0.0403901377066474,0.111000170166646,"A67C","C165G",4,"A67C,C165G_WA","Within",0.582073912937709,0.159756425344855,"log_add",0.846495647626904,"WA05",0.188295482724006,0.129229655742676,98,">20nt",">12a",NA,NA,"Double","same",-0.264421734689195,0.205480946470316
"97","A",0.990801700565196,0.91224030002221,0.0979525208719889,0.111000170166646,"A99C","C165G",4,"A99C,C165G_WA","Within",0.569283725356141,0.161781262664917,"log_add",0.90384924058611,"WA20",0.188295482724006,0.156778079210076,66,">20nt",">12a",NA,NA,"Double","same",-0.334565515229969,0.225283250753925
"99","A",0.927930554708331,1.1290065337311,0.0403901377066474,0.162650200527014,"A67C","G166A",4,"A67C,G166A_WA","Within",0.720026629871518,0.164417304212409,"log_add",1.04763965911443,"WA06",0.188295482724006,0.150496849334775,99,">20nt",">12a",NA,NA,"Double","same",-0.327613029242912,0.222895382599483
"103","A",0.927930554708331,0.783874180083782,0.0403901377066474,0.0917480539213053,"A67C","G169A",4,"A67C,G169A_WA","Within",0.67213105175896,0.165371353478797,"log_add",0.727380802746682,"WA07",0.188295482724006,0.124875907968088,102,">20nt",">12a",0.719803596720203,0.119318943786541,"Double","same",-0.0552497509877222,0.207223736435438
"104","A",0.990801700565196,0.783874180083782,0.0979525208719889,0.0917480539213053,"A99C","G169A",4,"A99C,G169A_WA","Within",0.562781508357201,0.159782780726293,"log_add",0.77666387065616,"WA22",0.188295482724006,0.153209185717712,70,">20nt",">12a",0.65706619017718,0.0778587747855547,"Double","same",-0.213882362298958,0.221367548671686
"108","A",0.927930554708331,1.36848520305027,0.0403901377066474,0.0925180178765997,"A67C","A174T",3,"A67C,A174T_WA","Within",0.848280977109785,0.105425968602177,"log_add",1.26985923357658,"WA08",0.0876695917505277,0.0804064751142428,107,">20nt",">12a",NA,NA,"Double","same",-0.421578256466791,0.132588974262586
"114","A",0.927930554708331,0.594788015003038,0.0403901377066474,0.159180721144718,"A67C","T177A",3,"A67C,T177A_WA","Within",0.645498175423646,0.138966259720281,"log_add",0.551921972695636,"WA09",0.0876695917505277,0.271142528687596,110,">20nt",">12a",NA,NA,"Double","same",0.0935762027280097,0.304679983267278
